Company,Position,Connected On
Udhyog 4.0,Machine Learning Intern,24-Dec-20
Tata Consultancy Services,Data Science Intern,24-Dec-20
We Define Net,Student influencer,24-Dec-20
,,24-Dec-20
Self employed,Self Employee,24-Dec-20
Personal,Product Engineer,24-Dec-20
,,24-Dec-20
Indian Servers - Software Development Company,Machine Learning Intern,24-Dec-20
Louis Dreyfus Company,Summer Intern,24-Dec-20
,,24-Dec-20
KPMG,Data Analytics Consulting Virtual Internship,24-Dec-20
Intel Corporation,Software Innovator program,24-Dec-20
Mittsure Technologies LLP,Sales and Marketing Engineer,24-Dec-20
NVIDIA,Deep Learning Research Intern,24-Dec-20
The Sparks Foundation,Intern,24-Dec-20
,,24-Dec-20
,,24-Dec-20
"BITS Pilani, Hyderabad Campus",Teaching Assistant,23-Dec-20
Michani,Founder,23-Dec-20
"Indian Institute of Technology, Kharagpur",Data Visualiser,23-Dec-20
Shell,Software Engineer,23-Dec-20
Fachhochschule Südwestfalen,Student Research Assistant,23-Dec-20
Alphaa AI,Artificial Intelligence Intern,23-Dec-20
Accenture,Junior Data Analyst(Process Associate),23-Dec-20
Amul Industries Pvt. Ltd.,Intern,23-Dec-20
The Sparks Foundation,Data Science and Business Analytics intern,23-Dec-20
SIGMA - The Business Club of NITT,Member,23-Dec-20
SI TELECOM PVT LTD,Data Analyst Intern,23-Dec-20
"Indian Institute Of Information Technology, Allahabad",Research Intern,23-Dec-20
HighRadius,Product Management Analyst,23-Dec-20
RoadMetrics,Co-Founder & COO,22-Dec-20
Dell Technologies,Business Intelligence Analyst,21-Dec-20
Cognizant,Programming Analyst,18-Dec-20
IEEE Photonics Society Student Chapter VIT Chennai,Committee Member,17-Dec-20
"Honda Research Institute USA, Inc.",Research Engineer,15-Dec-20
Technische Universiteit Delft,MSc Thesis Project,14-Dec-20
"Orzota, Inc.","Director - Engineering, India Development Center",14-Dec-20
ZS,Business Technology Analyst,14-Dec-20
Erasmus MC,Masteronderzoeker,13-Dec-20
Fathom,"Software Engineer, Machine Learning",12-Dec-20
Ultralytics LLC,Founder & CEO,12-Dec-20
omnireseaarch,Spanish translator,11-Dec-20
Teradata,Associate DevOps Engineer,10-Dec-20
Capgemini,Consultant,09-Dec-20
Diycam,Co Founder,08-Dec-20
Diycam,Co-Founder & CTO,08-Dec-20
Alphaa AI,Citizen Data Scientist Fellowship,03-Dec-20
McGill University,Graduate Student Research Assistant | Systems and Control,02-Dec-20
Qualcomm,Staff Engineer,01-Dec-20
Next EdVentures,Partner,27-Nov-20
Institut Photovoltaïque d'Ile-de-France (IPVF),Researcher PhD Student,25-Nov-20
Admitkard,Co-Founder,25-Nov-20
Bosch Center for Artificial Intelligence (BCAI),Research Scientist,24-Nov-20
"Deep Vision, Inc.",CEO,24-Nov-20
AI Accelerator Institute,Marketing Manager,23-Nov-20
Society of Hispanic Professional Engineers,Vice President (Co-founder),21-Nov-20
Deloitte,Consultant,19-Nov-20
Persistent Systems,Software Engineer,19-Nov-20
SwitchOn,Co-Founder,17-Nov-20
Siemens,Data Science - Working Student,17-Nov-20
Pointo,Full Stack Lead Developer,17-Nov-20
Calico Life Sciences,Scientist,16-Nov-20
Consensus Group,Head Of International Sales,15-Nov-20
Technische Universiteit Delft,Teaching Assistant,11-Nov-20
Western Railway Carriage Repair Workshop,Intern,10-Nov-20
Deloitte Consulting,Business Technology Analyst,10-Nov-20
Vectra LLC,Intern,10-Nov-20
Vectra LLC,Senior Software Development Engineer,08-Nov-20
Xailient,Customer Success AI Engineer,06-Nov-20
LBS Private Equity & Venture Capital Club,Executive Committee,05-Nov-20
Aptiv,Autonomous Driving Features Development Engineer,03-Nov-20
KPMG India,Analyst- IT Advisor and Risk consultant,02-Nov-20
Chegg Inc.,Managed Network Expert(Advanced Math),02-Nov-20
Infosys,Systems Engineer,02-Nov-20
DEAM,Content Creator,02-Nov-20
Init ML,"Co-Founder, CEO",30-Oct-20
DELMIC ASIA,Regional Business Manager,30-Oct-20
Technische Universiteit Delft,PHD,28-Oct-20
UnitedHealth Group,Product Management Intern,28-Oct-20
Freelance,Freelance Software Engineer,27-Oct-20
ELEMENT INFOMATICS (INDIA) PRIVATE LIMITED,SAS Consultant,26-Oct-20
Isfahan University of Technology,Student,26-Oct-20
Mobile Premier League (MPL),Software Development Engineer 1,22-Oct-20
Microsoft,Principal Applied Scientist,22-Oct-20
Decathlon France,Data Analyst,21-Oct-20
Kennedy Institute of Rheumatology (University of Oxford),Imaging Facility Manager,20-Oct-20
World Startup Factory,Intern,18-Oct-20
Amazon,Business Analyst,18-Oct-20
LatentView Analytics,Senior Data Analyst,18-Oct-20
Freelance,Art collaborator,17-Oct-20
General Motors,IMDS & Materials Engineer,17-Oct-20
American Express,"Analyst ,Intern ,Enterprise Digital & Analytics",17-Oct-20
,,16-Oct-20
Apple,Machine Learning Engineer,14-Oct-20
Qualcomm,SoC/Hardware System Performance Engineer,13-Oct-20
South Coast Sales,Product Development Specialist,13-Oct-20
Brakes India Private Limited,Manufacturing System Engineer,13-Oct-20
Critical Future,Machine Learning Consultant,11-Oct-20
Vectra Automation Pvt.Ltd,Algorithm Developer,10-Oct-20
Intel Corporation,Physical Design Engineer,09-Oct-20
Mu Sigma Inc.,Trainee decision scientist,08-Oct-20
Solar Industries India Limited,Artificial Intelligence Intern,08-Oct-20
Oracle,Senior Applications Engineer,08-Oct-20
"RISE Labs, Indian Institute of Technology, Madras",Project Associate,07-Oct-20
City University London,Senior Lecturer in Biomedical Image Analysis,05-Oct-20
National Institute of Industrial Engineering,Academic Secretary,05-Oct-20
CommUnity by EIT InnoEnergy,Event Manager,05-Oct-20
L&T Technology Services Limited,Associate Engineer,05-Oct-20
"National Skill Training Institute for Women, Kolkata",Guest Lecturer,05-Oct-20
Samsung Electronics,Senior Software Engineer,04-Oct-20
Intercontinental Exchange,Data Researcher,03-Oct-20
Credit Suisse,ENO,03-Oct-20
Intel Corporation,Deep Learning Engineer,02-Oct-20
Sagar Defence Engineering,Co Founder,01-Oct-20
NedMobiel BV,Graduate Research Intern,30-Sep-20
,,29-Sep-20
"Vectra Automation, Inc.",Algorithm Developer,29-Sep-20
Optum,Incoming Software Engineer,27-Sep-20
"Vectra Automation, Inc.",CEO,25-Sep-20
HollandPTC,Investigadora en Terapia de Protones (Master Thesis Student),25-Sep-20
Bank of America,Software Engineer 1,25-Sep-20
Spinoza Centre for Neuroimaging,Student Intern,25-Sep-20
Deloitte,Cloud Consultant,25-Sep-20
Reactor Institute Delft ,Master Thesis Project,25-Sep-20
Caltech,Postdoctoral Scholar,24-Sep-20
HSBC,Data Analyst Decision Science,19-Sep-20
"NCFlexE, IIT Kanpur",Computer Vision Intern,19-Sep-20
Delft University of Technology,Ph.D.,16-Sep-20
TreeMania,Strategic Partnerships,14-Sep-20
Anouk Wipprecht,Owner / Head of Design ,14-Sep-20
eCom Logistics,Junior Business Analyist,09-Sep-20
Moodbit,Data Engineer,08-Sep-20
Erasmus MC,Master Thesis Project,04-Sep-20
ASML,Operational Supplier Coordinator,31-Aug-20
IBM,Associate Software Developer,31-Aug-20
University of Strasbourg,Visiting Researcher,31-Aug-20
KPMG India,SAP Analyst,28-Aug-20
Board Infinity,Data Science Career Coach,28-Aug-20
Arintra,Co-founder,28-Aug-20
Seervision AG,Computer Vision,27-Aug-20
Swaayatt Robots (स्वायत्त रोबोट्स),"Founder, CEO",27-Aug-20
AUDENSIEL TECHNOLOGIES SUD-OUEST,Ingénieur d’étude et de développement,26-Aug-20
CogniTensor,Human Resources Manager,26-Aug-20
Entropik Tech,Senior Data Scientist,25-Aug-20
Boeing,Airplane Level System Engineer,24-Aug-20
Vernacular.ai,Co-Founder & CEO,23-Aug-20
Tata Consultancy Services,Production Support Engineer,22-Aug-20
iNeuron.ai,Chief Data Scientist & CTO,22-Aug-20
iNeuron.ai,Chief AI Engineer & CEO ,22-Aug-20
Van Oord,PMS-OMS Beheerder,21-Aug-20
Shell,Customer Strategy & Performance Manager,21-Aug-20
Entropik Technologies,Founder & CEO,20-Aug-20
Entropik Tech,Senior Human Resources Manager,20-Aug-20
Stony Brook University,Graduate Teaching Assistant,19-Aug-20
NexStem | CortexBCI Inc.,CEO and Founder,19-Aug-20
DejaView.ai,Founder,19-Aug-20
GMAC Intelligence,Founder and CEO,19-Aug-20
Goa Institute of Management (GIM),Junior Corporate Relations and Placements Coordinator,17-Aug-20
Amazon,Applied Scientist - Machine Learning,16-Aug-20
Kuliza,Senior Software developer,11-Aug-20
Azulo Wealth Management,Wealth Manager,10-Aug-20
Lely,Intern,10-Aug-20
HSBC,Software Engineer,08-Aug-20
Arintra,Co-Founder and CTO,05-Aug-20
Eindhoven University of Technology,Professional Doctorate in Engineering (PDEng) trainee,28-Jul-20
Qualcomm,Associate Engineer,28-Jul-20
EY,Analyst,27-Jul-20
Antrigulum Labs Inc,Data Science Developer,26-Jul-20
graVITas VIT,Organiser,20-Jul-20
West Pharmaceutical Services,Lead AI/ML Engineer,13-Jul-20
Accord Innovations Private Limited,Founder & CEO,11-Jul-20
Center for Bio-separation and Technology (CBST),Undergraduate Student Researcher,11-Jul-20
Qure.ai,"Head of R&D, Co-founder ",11-Jul-20
Qure.ai,Co Founder & CEO,11-Jul-20
Hewlett Packard Enterprise,Cloud Developer,11-Jul-20
Booking.com,Full Stack Developer,11-Jul-20
Khoury Medical Equipment Co.,Product Consultant,10-Jul-20
Peeeks,Developer/Analyst,10-Jul-20
Delmic Asia ,Regional Project Manager,08-Jul-20
Chegg Inc.,Subject Matter Expert,07-Jul-20
Internshala,Internshala student partner,07-Jul-20
Google,Software Engineer,05-Jul-20
PSG Software Technologies,Machine Learning Engineer,05-Jul-20
Deloitte Consulting,Business Technology Analyst,05-Jul-20
Xfinito Biodesigns,Founder,05-Jul-20
PALLAS,Trainee Instrumentation and Control Systems,02-Jul-20
Philips,Software Engineer,29-Jun-20
TMC,Business Manager TMC Software,25-Jun-20
Joint,Digital Marketing Intern,20-Jun-20
Holland Proton Therapy Centre,Master Thesis Project,19-Jun-20
byBr,Co-Founder & CEO,15-Jun-20
H2O.ai,Data Science Evangelist,15-Jun-20
Hindustan Zinc Limited,Process Engineer,14-Jun-20
General Electric Manufacturing Company (GEMAC),Piping & Support Design Engineer,14-Jun-20
Sinhgad Institute of Technology & Science,Assistant Professor,11-Jun-20
"Mitsubishi Electric Power Products, Inc.",Power System Engineer,09-Jun-20
Tata Communications,Technical Associate,09-Jun-20
Coursera,Course Mentor (Johns Hopkins University),05-Jun-20
Private,Professional,05-Jun-20
Seeker Media,"Podcast Writer, Host and Producer",04-Jun-20
Volvo Group,Master Thesis Project,04-Jun-20
KPIT,Autosar Systems Developer,03-Jun-20
Sensor technologies,Chief Architect,03-Jun-20
Ai Highway Inc,Founder,03-Jun-20
DCube,Software Engineer,02-Jun-20
Infinite-Sum Modeling Inc.,Data Science Consultant,02-Jun-20
Siemens,Research Engineer,02-Jun-20
"University of Otago, Christchurch campus",Researcher (Ph.D),01-Jun-20
Quora,Freelance Writer,01-Jun-20
Publicis Sapient,Contingent SDE at Goldman Sachs,31-May-20
DELMIC B.V.,Jr. Mechanical Designer,31-May-20
ASML,Mechatronics Engineer,30-May-20
Saigeware Technologies,AI software Engineer,30-May-20
GenieTalk Private Limited,Human Resources Manager,29-May-20
Intain Inc,Founder and CEO,29-May-20
KPMG India,"Partner & Head of Lighthouse - Analytics, AI & Data",29-May-20
DELMIC BV,CEO and co-founder,29-May-20
Clinikk Healthcare (Ohealer Healthcare Services Pvt. Ltd.),Co-Founder,29-May-20
CamfyVision Innovations,Computer Vision and AI Developer,26-May-20
Flinkhub,VP of Partnerships,26-May-20
Oblivion Techs,Founder,26-May-20
Intel Corporation,Graphics Software Engineer,21-May-20
MERIT SOFTWARE SERVICES PRIVATE LIMITED,Research Analyst,19-May-20
Goldman Sachs,Development Engineer ,18-May-20
ABP Network,Business Management,18-May-20
Nuclear Promise X,Software Development Intern,18-May-20
RISE SICS,Senior Research Scientist,18-May-20
gnani.ai,Co-Founder & CTO,18-May-20
deepkapha.ai,Founder and AI Researcher,16-May-20
MellonAI,Machine Learning Intern,16-May-20
Saarthi.ai,Conversational AI Lead,14-May-20
Adobe,Computer Scientist,14-May-20
Microsoft,Volunteer- Microsoft Philanthropies TEALS Program,13-May-20
Media.net,Database Developer,13-May-20
HAWC - The official Health and Wellness Club of IMT Ghaziabad,Junior Committee Member,08-May-20
airtel X Labs,Chief Data Scientist and Executive Vice President,08-May-20
Wipro Digital,Project Engineer,07-May-20
Skillmine Technology Consulting,Deep Learning Engineer,05-May-20
Health And Wellness Club IMT Ghaziabad,Junior Member,02-May-20
Amazon,Applied Scientist,30-Apr-20
Analytics Quotient,Business Analyst,29-Apr-20
"Etaluma, Inc.",CEO,29-Apr-20
,,25-Apr-20
KTH Royal Institute of Technology,Master Thesis Student ,17-Apr-20
"Radiant Design, Chennai",Technical Director,15-Apr-20
NXP Semiconductors,Project Lead,13-Apr-20
Technische Universiteit Delft,Student Assistant,13-Apr-20
Fractal Analytics,Engineer,09-Apr-20
VIT University Chennai,Associate Professor,31-Mar-20
Vellore Institute of Technology,Associate Professor,30-Mar-20
Leiden University Medical Center,Master's Thesis,15-Mar-20
Servify,Product Engineer,12-Mar-20
Coding Club,Learner,11-Mar-20
Aivia Software,"Executive Vice President (at SVision LLC, formerly DRVISION Technologies LLC)",09-Mar-20
Vellore Institute of Technology | Assistant Vice President,Management Intern,06-Mar-20
Siemens,Research Intern,04-Mar-20
,,03-Mar-20
SR2 - Socially Responsible Recruitment ,Head of Engineering,02-Mar-20
Philips,Graduate Intern- Microsystems & devices,01-Mar-20
Technische Universiteit Delft,Doctoral Researcher,26-Feb-20
Technische Universiteit Delft,Graduate Research Student,26-Feb-20
Philips,Campus Recruitment BeNeLux,20-Feb-20
DELMIC B.V.,Applications Specialist,20-Feb-20
CareerCarta,Consultant,20-Feb-20
Schneider Electric,Senior Analyst,20-Feb-20
INDIAN RAILWAYS,Internship,20-Feb-20
ZS,Business Technology Analyst,20-Feb-20
Edelweiss Tokio Life Insurance,Management Associate,20-Feb-20
Oracle,Associate Software Engineer,20-Feb-20
Ericsson India,Software Engineer,20-Feb-20
ZS,Decision Analytics Associate ,20-Feb-20
FiniBrain,Intern,20-Feb-20
Trinity College Dublin,Doctoral Student,20-Feb-20
HCL Technologies,Software Engineer,17-Feb-20
Microsoft,Associate Consultant,17-Feb-20
YER,Talent Acquisition Manager,17-Feb-20
Philips,Graduate Student Intern,17-Feb-20
Prometric,Readiness Specialist,05-Feb-20
Billion Hearts,Business Developer,27-Jan-20
Peacock Solar,Data Analytics Intern,18-Jan-20
IEEE Signal Processing Society,Student Member,09-Jan-20
Delmic,Sales Manager Asia,06-Jan-20
Brinc.io,"Co-Founder, COO & Board Member",06-Jan-20
Philips,"Procurement Engineering (Excellence), Male Grooming, Personal Health",24-Dec-19
Cisco,Software Engineer II ,24-Dec-19
Balmer Lawrie & Co. Ltd.,Supply Chain Intern,13-Dec-19
Vanguard,Research Intern,01-Dec-19
Microsoft,Software Engineer,18-Nov-19
AIESEC in India,Senior Manager at Corporate relations and Education Sector,13-Nov-19
DELMIC B.V.,Junior Mechanical Engineer,21-Oct-19
Vadera & Co.,SSAS Business Analyst,19-Oct-19
"o9 Solutions, Inc.",Data Scientist,15-Oct-19
University of Melbourne,"Senior Advisor, Careers, Learning Design & Facilitation | Careers, Employability and Global Learning",15-Oct-19
Erasmus MC,Master Thesis Project,15-Oct-19
DELMIC B.V.,Experimental Physicist,11-Oct-19
Microsoft,University Recruiter Lead,29-Aug-19
Nazaakat,Founder,23-Jun-19
Société Générale,Software Engineer,17-Jun-19
MyGate,Senior Business Development Manager,20-May-19
Essar,Global Chief Human Resources Officer ,08-Apr-19
Gartner,Lead Skilled Assessor - Europe Midsize Enterprise Sales,13-Mar-19
Bragi,Werkstudent,12-Mar-19
Except Integrated Sustainability,Research And Development Specialist,10-Mar-19
Materials innovation institute M2i,Intern,08-Mar-19
FiberCore Europe,Structural Engineer,07-Mar-19
Arxiv Insights,Machine Learning Researcher,19-Feb-19
PDG Partners,Conseiller auprès du PDG,17-Feb-19
MediaTek,Senior Physical Design Engineer,06-Feb-19
Cloud-Native,CEO at Cloud-Native,06-Feb-19
Larsen & Toubro Infotech Ltd (LTI),Software Engineer,06-Feb-19
Future Job Services,Human Resources Executive,30-Jan-19
Marvell Semiconductor,Hardware Validation Engineer,30-Jan-19
It's Convenient Pty Ltd.,Crew Member,30-Jan-19
Accenture,Summer Intern,30-Jan-19
,,18-Jan-19
Shell,Software Engineer,18-Jan-19
Facebook,Software Engineer,16-Jan-19
Societe Generale Global Solution Centre,Software Engineer,01-Jan-19
Intel Corporation,Design Automation Engineer,01-Jan-19
MTN Nigeria,Data Science Specialist,26-Dec-18
Algofi,Ingénieur d’études,18-Dec-18
Amsterdam UMC,PhD student / Onderzoeker in opleiding,17-Dec-18
Wipro Digital,Quality Analyst,13-Dec-18
TU Delft,Master Thesis Project,11-Dec-18
Albert Heijn,Medewerkeer Verkoopklaar,11-Dec-18
Dispuut Antoni van Leeuwenhoek,Study Tour committee ,11-Dec-18
TOPdesk,Technical Product Specialist,11-Dec-18
Amazon,Senior Recruiter - Student Programs and University Hiring,24-Nov-18
JPMorgan Chase & Co.,Data Scientist - Corporate & Investment Bank,19-Nov-18
Oracle,HCM Consultant,19-Nov-18
University at Buffalo,Graduate Research Assistant,06-Nov-18
Audace Labs,AI Developer,06-Nov-18
The University of Texas at Dallas,Graduate Research Assistant,06-Nov-18
Pearson,Senior machine coordinator,06-Nov-18
AMD,Silicon Design Engineer 2,01-Nov-18
,,27-Oct-18
,,25-Oct-18
ETH Zürich,Bioinformatics Analyst,03-Oct-18
ETH Zürich,Sensor Research and Development,25-Sep-18
Sigmoidal,Owner and Author,16-Sep-18
Marriott International,Manager of Finance,16-Sep-18
Cisco,Network Consulting Engineer,11-Sep-18
Ninjacart,Area Sales Manager - Satellite City Project ,11-Sep-18
Government of West Bengal,Assistant Teacher,11-Sep-18
Amazon,Software Development Engineer,08-Sep-18
Standard Chartered Bank,Analyst,08-Sep-18
Microsoft,Physical Design Engineer,08-Sep-18
ZS,Business Operations Associate,08-Sep-18
KIDOZ Inc.,Software Engineer,08-Sep-18
Automata,Robotics Engineer - Product Owner,08-Sep-18
Aluminium & Chemie Rotterdam BV,Intern,01-Sep-18
Bühler Group,Data Scientist,01-Sep-18
Orange,Responsable Opérationnel de Supervision,30-Aug-18
Procter & Gamble,MBA Summer Intern,23-Aug-18
Association de Préfiguration de la Fondation Cipirsa-Cnam,Président-Fondateur,06-Aug-18
Ford Motor Company,Feature Development Engineer (Body Control Module),04-Aug-18
VALLOTECH,Gérant,24-Jul-18
Capillary Technologies,Machine Learning Engineer,20-Jul-18
Siemens Digital Industries Software,Associate Rotation Engineer,10-Jul-18
INSIGHT2PROFIT,Business Analyst,05-Jul-18
Sungevity International,Product Coordinator,04-Jul-18
Amazon Web Services (AWS),Cloud Support Engineer,02-Jul-18
Apple,ASIC/ Logic Design Engineer,25-Jun-18
Samsung R&D Institute India - Noida,Software Engineer,25-Jun-18
Emerge Vocational Skills P Ltd,Emergeskills ,22-Jun-18
Cisco,Network Consulting Engineer,20-Jun-18
JPMorgan Chase & Co.,SEP software Engineer II,18-Jun-18
Indus Valley Partners,Senior Software Engineer,05-Jun-18
Apple,Design Verification Engineer,04-Jun-18
Harvard Business Review,Member HBR Ascend Select,04-Jun-18
BPG,Gérant concession,04-Jun-18
,,04-Jun-18
Amaris,Manager,29-May-18
Delft University of Technology,Graduate Student,25-May-18
,,24-May-18
Apt Software Avenues (P) Ltd.,Intern,24-May-18
Schneider Electric,Graduate Engineer Trainee,24-May-18
ZS,Decision Analytics Associate,24-May-18
,,24-May-18
Kongsberg Digital,Software Engineer Trainee,24-May-18
Intel Corporation,Verification Engineer,24-May-18
ZS,Business Technology Analyst,24-May-18
,,24-May-18
Trafigura,Deals Desk Analyst,24-May-18
,,18-May-18
Beekeeper,Senior Software Engineer,06-May-18
Tata Consultancy Services,Associate,30-Apr-18
Schneider Electric,Responsable grands comptes et Prescription Marché Home&Distribution,30-Apr-18
Technische Universiteit Delft,Phd Candidate (Design for Sub-scale Flight Testing),27-Apr-18
Open Universiteit,PHD Researcher,26-Apr-18
HERE Technologies,Director of Finance,17-Apr-18
Vrije Universiteit Amsterdam (VU Amsterdam),Full Professor,14-Apr-18
PANDA Guide,CMO,19-Mar-18
International STREAM Olympiads,Head Of Operations,17-Mar-18
BlueLife AI,Co-Founder & COO,15-Mar-18
Code Royale,Co-Founder,15-Mar-18
BlueLife AI,Co-Founder & CEO,14-Mar-18
LinkedIn,Software Engineer,11-Mar-18
Salesforce,Senior Data Scientist,28-Feb-18
NLC India Limited,Internship Trainee,28-Feb-18
Wipro Digital,Project Engineer,11-Feb-18
HydroChain,"Co-fondateur, Specialiste blockchain",10-Feb-18
Anuta Networks,Software Engineer,17-Jan-18
YouSupply Enterprise,CEO,17-Jan-18
career technology,Entrepreneur,15-Jan-18
School,Office Administrator,03-Jan-18
Nutanix,Senior Systems Reliability Engineer,26-Dec-17
imec,Principal Member Of Technical Staff,16-Dec-17
Intys Consulting,Responsable IT,07-Dec-17
Velociraptor Racing,Team Captain,23-Nov-17
Sanofi,PMO en management de projets RPA,23-Nov-17
Tetrasoft Inc.,Information Technology Technical Recruiter,15-Nov-17
MUMMADI INDIA INDUSTRIES PRIVATE LIMITED,Owner/Managing Director,14-Nov-17
SION Semiconductors Private Limited,Talent Acquisition Executive,14-Nov-17
Intel Corporation,Design Verification Engineer(SoC/IP),07-Nov-17
Infosys,Software Engineer,07-Nov-17
Infosys Limited,System Engineer Trainee,06-Nov-17
Kimberly-Clark,"Lead Tech. Architect-Big Data Engg(Cloudera),Azure Cloud, AI/ML & DevOps, MLOps, Stream Analytics",06-Nov-17
B9 Beverages Pvt Ltd,Store Manager,05-Nov-17
MyHindiNotes,"Co-Founder / Author, Web Researcher",05-Nov-17
_VOIS,Senior Executive,05-Nov-17
g.tec medical engineering GmbH,Head of Marketing,03-Nov-17
Óbuda University,Associate Professor,01-Nov-17
Neurosity,Co-Founder,18-Oct-17
,,17-Oct-17
,,15-Oct-17
,,11-Oct-17
Polyconseil,Data Scientist,15-Sep-17
Accenture Interactive,Programmatic Manager (Digital Marketing) - APAC/NA,08-Sep-17
Tata Consultancy Services,System Engineer,07-Sep-17
Texas Instruments,Digital Design Engineer(DFT) - Radar & Analytics Processors (RAP) - Embedded Processing,07-Sep-17
Bhabha Atomic Research Centre,Intern,07-Sep-17
Wipro Technologies,Project Engineer,07-Sep-17
,,07-Sep-17
Medialog SARL,Chef de projet,07-Sep-17
University of Nicosia (UNic),Cultural & Political Geography Professor,05-Sep-17
"RISE Labs, IIT Madras",Project Associate,01-Sep-17
Infosys,System Engineer,23-Aug-17
Infosys,Technology Analyst,23-Aug-17
"RP hall of residence, IIT Kharagpur","Secretary, Cricket and athletics",23-Aug-17
Groupe SII,Ingénieur numérique,22-Aug-17
Enverus,Senior Analyst,22-Aug-17
Vestas,Wind & Site Engineer,22-Aug-17
Keysight Technologies,Test Engineer,22-Aug-17
XTM technologie SAS (Réunion / Maurice),Ingénieur informatique,22-Aug-17
alphaviva.care,Co-créateur,31-Jul-17
,,31-Jul-17
Eklore,Présidente fondatrice,30-Jul-17
PayPal,Software Engineer,20-Jul-17
Philips,Robotics process automation developer,20-Jul-17
ICICI Bank,Management Trainee,19-Jul-17
Mercedes-Benz Research and Development India,Project Engineer,13-Jul-17
Asian Paints,Area Sales Manager,05-Jul-17
VIT University (Chennai Campus),Student,05-Jul-17
Orcapod,Sr.Consultant,05-Jul-17
Safran,Stage de fin d'étude - Déploiement et standardisation de la démarche PCA au sein du Groupe,05-Jul-17
AXA en France,Analyste des investissements,04-Jul-17
RBS,Software Development Engineer,29-Jun-17
重庆两江新区市政景观建设有限公司 ChongQing LiangJiang New Area Municipal Landscape Construction Co.Ltd,市场经理 Marketing Manager,08-Jun-17
Cisco,Consulting Engineer (Solution Validation),07-Jun-17
Tata Consultancy Services,Assistant System Engineer,07-Jun-17
Deloitte India (Offices of the US),Analyst,02-Jun-17
Oregon State University,Assistant Professor,15-May-17
Oracle,Programmer Analyst 2,14-May-17
Motional,Machine Learning Research Engineer 2,14-May-17
Admissions Abroad,Managing Director,14-May-17
Vodafone,Senior Executive,14-May-17
Avanade,Développeur,11-May-17
"Vellore Institute of Technology, Chennai",Senior Assistant Professor,11-May-17
Société Générale,Big Data Engineer,09-May-17
,,08-May-17
Stefanini NA,Senior Presales Consultant,08-May-17
NTU,Prof,28-Apr-17
Intel Corporation,System-on-Chip Design Engineer,27-Apr-17
Tata Projects,Country Head,27-Apr-17
上海隽迎信息科技有限公司,Group Development Manager,19-Apr-17
,,18-Apr-17
Nissan Motor Corporation,Aftersales Marketing Project Manager (Altran),16-Apr-17
tribe,Brand Ambassador,16-Apr-17
Videocon d2h,Intern,15-Apr-17
,,10-Apr-17
Tech Mahindra,Information Security Analyst,10-Apr-17
Swiggy,System Engineering Intern,10-Apr-17
ProsperMe,Partner,10-Apr-17
Wipro Limited,Senior Software Engineer,05-Apr-17
Accenture,RFP Senior Consultant | Chanel | Retail & HR,03-Apr-17
GDI Simulation,Assistant chef de programme,03-Apr-17
Vellore Institute of Technology,Undergraduate Student,31-Mar-17
HealthifyMe,Frontend Developer,31-Mar-17
Barclays,Software Engineer,27-Mar-17
SelectDine,Founder and CEO,27-Mar-17
"Blue Cross and Blue Shield of Illinois, Montana, New Mexico, Oklahoma & Texas",Sr Systems Analyst,27-Mar-17
Jam,CEO et Cofondatrice,25-Mar-17
King's College London,Visiting Professor,23-Mar-17
Khatabook,Operations Manager- BizOps,15-Mar-17
Futures First,Market Analyst,15-Mar-17
Space Generation Advisory Council,Member,14-Mar-17
iOPEX technologies,Digital Marketing Specialist,14-Mar-17
Carrefour,Problem Manager,14-Mar-17
Flipkart,Software Development Engineer I,14-Mar-17
"NIVI Solutions, LLC.",Software Engineer,14-Mar-17
Wipro Limited,Project Engineer,13-Mar-17
Tata Steel,Vocational training,13-Mar-17
Uttamenergy Ltd.,Senior Engineer,13-Mar-17
The AI buddy,Cheif Artificial Intelligence Engineer,13-Mar-17
Earthing Solutions,Director,10-Mar-17
Taiyō,Lead ML scientist,10-Mar-17
Ecole Polytechnique,Head of microscopy center (CimeX) at Ecole Polytechnique,09-Mar-17
,,09-Mar-17
Foundation for Democratic Reforms,Research Associate,09-Mar-17
Orange Consulting,Consultant senior,08-Mar-17
Jindal Steel & Power Ltd.,Assistant Manager,06-Mar-17
Amwin Pharmaceuticals,Asistant Sales Manager ,01-Mar-17
STMicroelectronics,Analog Design Intern,01-Mar-17
Standard Chartered Global Business Services,"Analyst, Retail Banking",01-Mar-17
,,28-Feb-17
Scicom Infrastructure Services,Data Scientist (Statistics & NLP ),28-Feb-17
Schneider Electric,Product Application Engineer,25-Feb-17
Jeyam Builders - India,Internship,22-Feb-17
WSP USA,Asst. Traffic Engineer,21-Feb-17
DISYS,Technical Recruiter,21-Feb-17
Thedipaar,Graphic Designer & Video Editor,21-Feb-17
SAP,Software Engineer,19-Feb-17
Melange Systems Pvt Ltd,RF Engineer(R&D),18-Feb-17
Harbour Side Decorators,Event Staff,18-Feb-17
Amazon Robotics,Advanced Robotics R&D Engineer Intern (Robotics Perception),18-Feb-17
,,17-Feb-17
apgenco thermal power plant,Intern,16-Feb-17
KTH Royal Institute of Technology,Associate Professor,15-Feb-17
Vellore Institute of Technology,Undergraduate Teaching Assistant,14-Feb-17
Paris-Sud University (Paris XI),Associate Professor,14-Feb-17
VIT University(Vellore Campus),Associate Professor,14-Feb-17
"VIT university,chennai",Associate professor,14-Feb-17
NXP Semiconductors,Digital Validation Engineer,13-Feb-17
Vectra LLC,Product Configuration and Customer Support - Auto2D,13-Feb-17
MiQ Digital India,Software Engineer II,13-Feb-17
University of Delhi,Professor,10-Feb-17
HighRadius,Lead Consultant (Techno Functional Consultant),10-Feb-17
MAN Truck & Bus SE,Master Thesis Project,09-Feb-17
Timwi Consulting,Consultant,08-Feb-17
,,08-Feb-17
vaibhav international,"cultured marble, enginering stone ",08-Feb-17
iNetProcess,Chef de projet,07-Feb-17
Adecco,Chargée de recrutement ,06-Feb-17
kaizenearth,Co-Founder,05-Feb-17
Université Paris Diderot,Directeur de l'UFR Etudes interculturelles de langues appliquées,05-Feb-17
FactR,Software Engineer,04-Feb-17
Tata Consultancy Services,Deployment,03-Feb-17
Vellore Institute of Technology,Assistant Professor,02-Feb-17
Mercedes-Benz Research and Development India,Engineer,01-Feb-17
Siemens Healthineers,Engineer - Design and Development,01-Feb-17
Bank of America,Sr Tech Associate,27-Jan-17
Novartis,Release / Deployment Engineer (DevOps),27-Jan-17
CheaprEats,Advisor,27-Jan-17
UnitedHealth Group,Associate Software Engineer - II,25-Jan-17
Fincley consulting,Consultant Banque / Finance,24-Jan-17
Increff,SDE 1,23-Jan-17
Wipro Limited,Associate Salesforce Consultant,23-Jan-17
Sonata Software,System Analyst,23-Jan-17
Mantu,Regional Recruitment Director ,16-Jan-17
Kotak Mahindra Old Mutual Life Insurance,Senior Financial Consultant Services,16-Jan-17
Université Denis Diderot (Paris VII),Directeur UFR EILA,16-Jan-17
Wipro Limited,Project Engineer,16-Jan-17
AstraZeneca,Team Lead,16-Jan-17
"Vellore Institute of Technology, Chennai","Professor, School of Electronics Engineering",11-Jan-17
Google,Technical Solutions Engineer,04-Jan-17
Cisco,Doctorant,02-Jan-17
VIT-AP University ,Assistant Director  - Academic Staff College,02-Jan-17
Batt:RE,Supply Chain Engineer,02-Jan-17
Red Hat,Software Engineer,31-Dec-16
SeviTech Systems Pvt. Ltd.,Talent Acquisition Specialist,28-Dec-16
AFIGEC,Responsable Marketing et Communication ,15-Dec-16
G R Motors,Managing Partner,14-Dec-16
L'Oeuvre d'Orient,Volontaire,14-Dec-16
AntWorks,Associate Data Scientist,14-Dec-16
Emploi Nouvelle Donne ,Audit,14-Dec-16
Intel Corporation,Deep Learning R&D Engineer,13-Dec-16
NTT DATA,Technical solutions architecture Sr. Analyst,07-Dec-16
Bilingual LS,Operations Coordinator,04-Dec-16
Afford Medical Technologies Pvt. Ltd.,Vice President,04-Dec-16
Infosys,Product Development Engineer,04-Dec-16
Cognizant,Programmer Analyst,04-Dec-16
ekWateur,Renewable energy engineer in training,04-Dec-16
Arista Networks,Technical Solution Engineer,28-Nov-16
Olympp,CEO & Co-founder ,25-Nov-16
PW Consultants,Consultante - Monétique & Moyens de paiement,22-Nov-16
Vellore Institute of Technology,Assistant Professor,19-Nov-16
Siemens Gamesa,Software Developer,27-Oct-16
Centre for Precision Metrology,Research Assistant,23-Oct-16
Wishlist,Software Engineer,23-Oct-16
The World Adventures हिन्दी,Founder,23-Oct-16
Appirio,Associate Software Engineer,23-Oct-16
EdgeQ Inc.,Member Of Technical Staff,23-Oct-16
,,23-Oct-16
Dell Technologies,Global Lead,23-Oct-16
Sumeru Enterprise Tiger,Deputy Chief Technology Officer,23-Oct-16
CityCash | Tap To Pay,Product Associate,23-Oct-16
SmartBrothers,Président,14-Oct-16
Extia,Ingénieur consultant,27-Sep-16
Amaris,Senior Manager,16-Sep-16
Amaris Consulting,Consultant chef de projet,15-Sep-16
Analytics Vidhya,Data Scientist,13-Sep-16
APSOLUE,Chef de projet Mobilité/Dyanmics 365,13-Sep-16
Protectline (JV Orange-Groupama),Chef de Projets,12-Sep-16
Business Octane Solutions Pvt. Ltd.,Business Specialist - Video Collaboration & Collaborative Teaching,11-Sep-16
Grofers,Software Engineer,11-Sep-16
DEKA Research & Development,Machine Learning Engineer,31-Aug-16
ShareChat,Data Analyst,30-Aug-16
NVIDIA,Deep Learning Architect,27-Aug-16
Microsoft,Performance Modeling Engineer,27-Aug-16
,,26-Aug-16
"OBILOG, groupe AWENSYS",ERP Consultant,25-Aug-16
Zenatix Solutions,Program Manager,23-Aug-16
VITC CYCLOTHON 2017,Convenor,23-Aug-16
Universign,Chef de projet Customer Success,20-Aug-16
Societe Generale Corporate and Investment Banking - SGCIB,"Devops Analyst, Commodity Market",20-Aug-16
VIT Chennai,Assistant Professor (Senior),18-Aug-16
OVHcloud,Corporate Strategy Analyst,17-Aug-16
PwC India,Associate,17-Aug-16
EFFILUX,Montage câblage d'éclairage à LED ,16-Aug-16
AXA,Penetration Tester,16-Aug-16
PwC,Senior Associate - Risk Assurance & Advisory Services,16-Aug-16
Tech Mahindra,Lead Software Architect,16-Aug-16
INGIMA,Ingénieur intégration logiciel,10-Aug-16
ESILV - Ecole Supérieure d'Ingénieurs Léonard de Vinci,Responsable département Ingénierie Financière,08-Aug-16
Amaris Consulting,Référent XDSL,07-Aug-16
ZS,Business Technology Analyst,02-Aug-16
Adobe,Senior Software Test Engineer,31-Jul-16
Cuemath,Senior Manager - International Business,26-Jul-16
,,21-Jul-16
Beijaflore,Supervising Associate Cyber Risk & Security,12-Jul-16
Deloitte India (Offices of the US),Consultant,08-Jul-16
GfK,Software Engineer,07-Jul-16
Extia,Ingenieur Consultant - Société Générale,05-Jul-16
America & Beyond LLC,CMO and Head of eCommerce,05-Jul-16
SFR Business,Service Delivery Manager (Ext. ALTEN),29-Jun-16
Tata Steel,"Head Electrical Maintenance, New Bar Mill",28-Jun-16
KPMG,Financial Auditor,27-Jun-16
Vellore Institute of Technology,Assistant Professor Senior,27-Jun-16
Messier-Bugatti-Dowty,Apprenti Ingenieur ISEP (Institut Supérieur d'Electronique de Paris),25-Jun-16
RLE INDIA,Post Graduate Engineer Trainee,24-Jun-16
FAYAT ENERGIE SERVICES,Ingénieur études de prix,24-Jun-16
Fabheads Automation,Mechanical Design Engineer,24-Jun-16
Deloitte India (Offices of the US),Business Technology Analyst,24-Jun-16
Wipro Digital,Project Engineer,24-Jun-16
Allianz France,Technical Lead,23-Jun-16
Siemens,Responsable de lot Essais Usine système CBTC,23-Jun-16
IBM,Data Scientist,22-Jun-16
Capgemini,Product Owner,21-Jun-16
Amazon,Software Engineer,21-Jun-16
Culinaries,Co-fondateur,19-Jun-16
Thales,System Engineer,16-Jun-16
eLitmus Evaluation Pvt Ltd,Business Associate,15-Jun-16
Editus Luxembourg,Data Scientist,15-Jun-16
Gt robotique,Responsable Service Après-Vente,15-Jun-16
Pernod Ricard,Master Data Project Manager,15-Jun-16
WeFiiT,Product and Quality management IT consultant ,08-Jun-16
Larsen & Toubro,Senior Engineer,08-Jun-16
Tekie,Building Tekie | Scaling & Operations | Educator,04-Jun-16
NTPC Limited,Internship,04-Jun-16
Total,VIE - Digital and Innovation Engineer ,31-May-16
equal1.labs,Chief Technology Officer,30-May-16
Pulse.digital Maroc,Ingénieur Support,30-May-16
Accenture,Junior HRIS Consultant,30-May-16
Wavestone,Consultante Cybersécurité ,27-May-16
Algolia,Enterprise BDR,24-May-16
Addventa,Consultante technico-fonctionnelle en Intelligence Artificielle,22-May-16
Groupe LaMarne,Associé,22-May-16
Capgemini,Business & Technology Transformation,19-May-16
PwC France,Consultant Data & Analytics,19-May-16
,,18-May-16
SMART'EAZ,Gérant SARL/ CTO / Développeur Mobile / Développeur Web / Chef de projet,12-May-16
Ingénierie@Lyon,Promotion compétences en Ingénierie et développement des partenariats public-privé,09-May-16
Thales,Ingénieur Java EE / AngularJs  / DevOps,03-May-16
Deloitte India (Offices of the US),RFA Software Engineer 1,03-May-16
BNP Paribas,IT Business Analyst,03-May-16
ISEP Voile,L'association de voile de l'ISEP,02-May-16
Hilt Brands ,Business Growth Strategist,01-May-16
Vellore Institute Of Technology,Professor,01-May-16
Institut Supérieur d'Electronique de Paris (ISEP),Assistante pédagogique,26-Apr-16
Huawei,Computer Vision Research Engineer,18-Apr-16
Standard Chartered GBS,Analyst,18-Apr-16
Portraitflip,Co-Founder,18-Apr-16
Laboratoire d'Optique Atmosphérique ,Ingénieur de recherche en traitement de données scientifiques / traitement d'images multi-spectrales,18-Apr-16
Shiprocket,Business Analyst,17-Apr-16
GRIHA Council,Intern,16-Apr-16
,,16-Apr-16
ZS,Decision Analytics Associate,13-Apr-16
"RENAULT NISSAN MITSUBISHI ALLIANCE, INDIA",Software Engineer,12-Apr-16
Bajaj Capital Ltd,Product Development & Strategy  Intern,11-Apr-16
Standard chartered global business services private ltd,Senior Analyst,11-Apr-16
SportEasy,Android developer,11-Apr-16
,,11-Apr-16
Hy.ly,Regional Sales and Business Development,11-Apr-16
Honda Cars India Ltd,Research Executive,11-Apr-16
ActiveEon,Ingénieur R&D - Sécurité Cloud,09-Apr-16
Beijaflore,Ingénieur Etudes et Développement .NET,09-Apr-16
TMC,Business Manager,09-Apr-16
SMART Home Healthcare Solutions,Development Associate,08-Apr-16
Vedantu,Business Development Manager  (Team Leader),07-Apr-16
VIT University,Assistant Professor,07-Apr-16
B D,Agent logistique,05-Apr-16
Bet Mekideche,Project Manager and Head of IT,04-Apr-16
Cisco,Software engineer 2,03-Apr-16
Saint-Gobain,Responsable Data et IA,30-Mar-16
Total,Data Valorisation Analyst,30-Mar-16
Mappy,Product Owner Web,29-Mar-16
ISG (Information Services Group),Consultant,28-Mar-16
Radiall,Concepteur Antennes,28-Mar-16
ZS,Buisness Technology Associate,28-Mar-16
EY,Senior consultant - Financial Market Advisory,28-Mar-16
Amaris,Business analyst in International Organization,28-Mar-16
Deloitte,"Senior Manager, New Ventures Accelerator",28-Mar-16
Comforth - Groupe Magellan Partners,Sénior Consultante Salesforce chez Comforth - Groupe Magellan Partners,27-Mar-16
EDF,Contrôleur de gestion,27-Mar-16
Thales,System Engineer,27-Mar-16
Beijaflore ,Consultant senior - Digital Advisory,27-Mar-16
Societe Generale Corporate and Investment Banking - SGCIB,Project Manager l Operation Trade Support Unit,27-Mar-16
,,27-Mar-16
D-Link Middle East & Africa,Key Account Manager,27-Mar-16
GROOPTOWN,Software Engineer / CEO,26-Mar-16
_VOIS,Senior Network Security Engineer,25-Mar-16
Altran,Project Leader,25-Mar-16
InfluSpy,CEO ,25-Mar-16
Alpha Networks ,Concepteur et développeur mobile iOS,24-Mar-16
Wurth Electronics Services India Pvt Ltd,Technical Sales Engineer,24-Mar-16
Europcar,CP/Designer IT,24-Mar-16
Native Instruments,Instrument Developer,24-Mar-16
Marelli,Engineer,24-Mar-16
Bouygues Telecom,Développeur Full Stack,24-Mar-16
Amadeus Labs,DevOps Engineer,24-Mar-16
Texas Instruments,Field Application Engineer,23-Mar-16
Vellore Institute of Technology,Deputy Director (Software Development Centre),23-Mar-16
OTOROX,CEO & Co-Founder,23-Mar-16
INTENTO DESIGN,Founder & CEO,23-Mar-16
Qualcomm,Staff Engineer Analog/Mixed Signal design,23-Mar-16
AUSY,Ingénieur consultant chez Sagem Défense et Sécurité,23-Mar-16
HCL Technologies,Lead Engineer,14-Mar-16
Intel Corporation,Design Verification Engineer,13-Mar-16
Self-employed,Owner,11-Mar-16
NEOMA ALUMNI,Executive Director,08-Mar-16
ISEP,Assistant Professor,08-Mar-16
Vellore Institute of Technology,Associate Professor,08-Mar-16
Norwegian University of Science and Technology (NTNU),Learning Assistant,08-Mar-16
L&L Partners,Associate,08-Mar-16
LIRMM - CNRS,CNRS Researcher in Automatic Control & Robotics,07-Mar-16
National Hydro-electric Power Corporation,Intern,03-Mar-16
Wind world india,wind O&M lead,03-Mar-16
Standard Chartered Bank,Software Developer,02-Mar-16
,,02-Mar-16
Institut Supérieur d'Electronique de Paris (I.S.E.P.),Professor,02-Mar-16
CNAM,Directeur Ecole Ingénieur,02-Mar-16
